k,c,pc,alpha_line
1,out,1,0
1,out,2,0
1,out,3,0
1,out,4,0
1,out,5,0
1,out,6,0
1,out,7,0
1,out,8,0
1,out,9,0
1,out,10,0
1,out,11,0
1,out,12,0
1,out,13,0
1,out,14,0
1,out,15,0
1,out,16,0
1,out,17,0
1,out,18,0
1,out,19,0
1,out,20,0
1,out,21,0
1,out,22,0
1,out,23,0
1,out,24,0
1,out,25,0
1,out,26,0
1,out,27,0
1,out,28,0
1,out,29,0
1,out,30,0
1,out,31,0
1,out,32,0
1,out,33,0
1,out,34,0
1,out,35,0
1,out,36,0
1,out,37,0
1,out,38,0
1,out,39,0
1,out,40,0
1,out,41,0
1,out,42,0
1,out,43,0
1,out,44,0
1,out,45,0
1,out,46,0
1,out,47,0
1,out,48,0
1,out,49,0
1,out,50,0
1,out,51,0
1,out,52,0
1,out,53,0
1,out,54,0
1,out,55,0
1,out,56,0
1,out,57,0
1,out,58,0
1,out,59,0
1,out,60,0
1,out,61,0
1,out,62,0
1,out,63,0
1,out,64,0
1,out,65,0
1,out,66,0
1,out,67,0
1,out,68,0
1,out,69,0
1,out,70,0
1,out,71,0
1,out,72,0
1,out,73,0
1,out,74,0
1,out,75,0
1,out,76,0
1,out,77,0
1,out,78,0
1,out,79,0
1,out,80,0
1,out,81,0
1,out,82,0
1,out,83,0
1,out,84,0
1,out,85,0
1,out,86,0
1,out,87,0
1,out,88,0
1,out,89,0
1,out,90,0
1,out,91,0
1,out,92,0
1,out,93,0
1,out,94,0
1,out,95,0
1,out,96,0
1,out,97,0
1,out,98,0
1,out,99,0
1,out,100,0
1,out,101,0
1,out,102,0
1,out,103,0
1,out,104,0
1,out,105,0
1,out,106,0
1,out,107,0
1,out,108,0
1,out,109,0
1,out,110,0
1,out,111,0
1,out,112,0
1,out,113,0
1,out,114,0
1,out,115,0
1,out,116,0
1,out,117,0
1,out,118,0
1,out,119,0
1,out,120,0
1,out,121,0
1,out,122,0
1,out,123,0
1,out,124,0
1,out,125,0
1,out,126,0
1,out,127,0
1,out,128,0
1,out,129,0
1,out,130,0
1,out,131,0
1,out,132,0
1,out,133,0
1,out,134,0
1,out,135,0
1,out,136,0
1,out,137,0
1,out,138,0
1,out,139,0
1,out,140,0
1,out,141,0
1,out,142,0
1,out,143,0
1,out,144,0
1,out,145,0
1,out,146,0
1,out,147,0
1,out,148,0
1,out,149,0
1,out,150,0
1,out,151,0
1,out,152,0
1,out,153,0
1,out,154,0
1,out,155,0
1,out,156,0
1,out,157,0
1,out,158,0
1,out,159,0
1,out,160,0
1,out,161,0
1,out,162,0
1,out,163,0
1,out,164,0
1,out,165,0
1,out,166,0
1,out,167,0
1,out,168,0
1,out,169,0
1,out,170,0
1,out,171,0
1,out,172,0
1,out,173,0
1,out,174,0
1,out,175,0
1,out,176,0
1,out,177,0
1,out,178,0
1,out,179,0
1,out,180,0
1,out,181,0
1,out,182,0
1,out,183,0
1,out,184,0
1,out,185,0
1,out,186,0
1,out,187,0
1,out,188,0
1,out,189,0
1,out,190,0
1,out,191,0
1,out,192,0
1,out,193,0
1,out,194,0
1,out,195,0
1,out,196,0
1,out,197,0
1,out,198,0
1,out,199,0
1,out,200,0
2,BB,1,-0.6940588410797587
2,BB,2,-0.6930588410797587
2,BB,3,-0.6920588410797587
2,BB,4,-0.6910588410797587
2,BB,5,-0.6900588410797587
2,BB,6,-0.6890588410797587
2,BB,7,-0.6880588410797587
2,BB,8,-0.6870588410797587
2,BB,9,-0.6860588410797587
2,BB,10,-0.6850588410797587
2,BB,11,-0.6840588410797587
2,BB,12,-0.6830588410797587
2,BB,13,-0.6820588410797587
2,BB,14,-0.6810588410797587
2,BB,15,-0.6800588410797587
2,BB,16,-0.6790588410797587
2,BB,17,-0.6780588410797587
2,BB,18,-0.6770588410797587
2,BB,19,-0.6760588410797587
2,BB,20,-0.6750588410797587
2,BB,21,-0.6740588410797587
2,BB,22,-0.6730588410797587
2,BB,23,-0.6720588410797587
2,BB,24,-0.6710588410797587
2,BB,25,-0.6700588410797587
2,BB,26,-0.6690588410797587
2,BB,27,-0.6680588410797587
2,BB,28,-0.6670588410797587
2,BB,29,-0.6660588410797587
2,BB,30,-0.6650588410797587
2,BB,31,-0.6640588410797587
2,BB,32,-0.6630588410797587
2,BB,33,-0.6620588410797587
2,BB,34,-0.6610588410797587
2,BB,35,-0.6600588410797587
2,BB,36,-0.6590588410797587
2,BB,37,-0.6580588410797586
2,BB,38,-0.6570588410797586
2,BB,39,-0.6560588410797586
2,BB,40,-0.6550588410797586
2,BB,41,-0.6540588410797586
2,BB,42,-0.6530588410797586
2,BB,43,-0.6520588410797586
2,BB,44,-0.6510588410797586
2,BB,45,-0.6500588410797586
2,BB,46,-0.6490588410797586
2,BB,47,-0.6480588410797586
2,BB,48,-0.6470588410797586
2,BB,49,-0.6460588410797586
2,BB,50,-0.6450588410797586
2,BB,51,-0.6440588410797586
2,BB,52,-0.6430588410797586
2,BB,53,-0.6420588410797586
2,BB,54,-0.6410588410797586
2,BB,55,-0.6400588410797586
2,BB,56,-0.6390588410797586
2,BB,57,-0.6380588410797586
2,BB,58,-0.6370588410797586
2,BB,59,-0.6360588410797586
2,BB,60,-0.6350588410797586
2,BB,61,-0.6340588410797587
2,BB,62,-0.6330588410797586
2,BB,63,-0.6320588410797587
2,BB,64,-0.6310588410797586
2,BB,65,-0.6300588410797587
2,BB,66,-0.6290588410797586
2,BB,67,-0.6280588410797587
2,BB,68,-0.6270588410797586
2,BB,69,-0.6260588410797587
2,BB,70,-0.6250588410797586
2,BB,71,-0.6240588410797587
2,BB,72,-0.6230588410797586
2,BB,73,-0.6220588410797587
2,BB,74,-0.6210588410797587
2,BB,75,-0.6200588410797587
2,BB,76,-0.6190588410797587
2,BB,77,-0.6180588410797587
2,BB,78,-0.6170588410797587
2,BB,79,-0.6160588410797587
2,BB,80,-0.6150588410797587
2,BB,81,-0.6140588410797587
2,BB,82,-0.6130588410797587
2,BB,83,-0.6120588410797587
2,BB,84,-0.6110588410797587
2,BB,85,-0.6100588410797587
2,BB,86,-0.6090588410797587
2,BB,87,-0.6080588410797587
2,BB,88,-0.6070588410797587
2,BB,89,-0.6060588410797587
2,BB,90,-0.6050588410797587
2,BB,91,-0.6040588410797587
2,BB,92,-0.6030588410797587
2,BB,93,-0.6020588410797587
2,BB,94,-0.6010588410797587
2,BB,95,-0.6000588410797587
2,BB,96,-0.5990588410797587
2,BB,97,-0.5980588410797587
2,BB,98,-0.5970588410797587
2,BB,99,-0.5960588410797587
2,BB,100,-0.5950588410797587
2,BB,101,-0.5940588410797587
2,BB,102,-0.5930588410797587
2,BB,103,-0.5920588410797587
2,BB,104,-0.5910588410797587
2,BB,105,-0.5900588410797587
2,BB,106,-0.5890588410797587
2,BB,107,-0.5880588410797587
2,BB,108,-0.5870588410797587
2,BB,109,-0.5860588410797587
2,BB,110,-0.5850588410797587
2,BB,111,-0.5840588410797587
2,BB,112,-0.5830588410797587
2,BB,113,-0.5820588410797587
2,BB,114,-0.5810588410797587
2,BB,115,-0.5800588410797587
2,BB,116,-0.5790588410797587
2,BB,117,-0.5780588410797587
2,BB,118,-0.5770588410797587
2,BB,119,-0.5760588410797587
2,BB,120,-0.5750588410797587
2,BB,121,-0.5740588410797587
2,BB,122,-0.5730588410797587
2,BB,123,-0.5720588410797587
2,BB,124,-0.5710588410797587
2,BB,125,-0.5700588410797587
2,BB,126,-0.5690588410797587
2,BB,127,-0.5680588410797587
2,BB,128,-0.5670588410797587
2,BB,129,-0.5660588410797587
2,BB,130,-0.5650588410797587
2,BB,131,-0.5640588410797587
2,BB,132,-0.5630588410797587
2,BB,133,-0.5620588410797587
2,BB,134,-0.5610588410797587
2,BB,135,-0.5600588410797587
2,BB,136,-0.5590588410797587
2,BB,137,-0.5580588410797587
2,BB,138,-0.5570588410797587
2,BB,139,-0.5560588410797587
2,BB,140,-0.5550588410797587
2,BB,141,-0.5540588410797587
2,BB,142,-0.5530588410797587
2,BB,143,-0.5520588410797587
2,BB,144,-0.5510588410797587
2,BB,145,-0.5500588410797587
2,BB,146,-0.5490588410797587
2,BB,147,-0.5480588410797587
2,BB,148,-0.5470588410797587
2,BB,149,-0.5460588410797587
2,BB,150,-0.5450588410797587
2,BB,151,-0.5440588410797587
2,BB,152,-0.5430588410797587
2,BB,153,-0.5420588410797587
2,BB,154,-0.5410588410797587
2,BB,155,-0.5400588410797587
2,BB,156,-0.5390588410797587
2,BB,157,-0.5380588410797587
2,BB,158,-0.5370588410797587
2,BB,159,-0.5360588410797587
2,BB,160,-0.5350588410797587
2,BB,161,-0.5340588410797587
2,BB,162,-0.5330588410797586
2,BB,163,-0.5320588410797586
2,BB,164,-0.5310588410797586
2,BB,165,-0.5300588410797586
2,BB,166,-0.5290588410797586
2,BB,167,-0.5280588410797586
2,BB,168,-0.5270588410797586
2,BB,169,-0.5260588410797586
2,BB,170,-0.5250588410797586
2,BB,171,-0.5240588410797586
2,BB,172,-0.5230588410797586
2,BB,173,-0.5220588410797586
2,BB,174,-0.5210588410797586
2,BB,175,-0.5200588410797586
2,BB,176,-0.5190588410797587
2,BB,177,-0.5180588410797586
2,BB,178,-0.5170588410797587
2,BB,179,-0.5160588410797586
2,BB,180,-0.5150588410797587
2,BB,181,-0.5140588410797586
2,BB,182,-0.5130588410797587
2,BB,183,-0.5120588410797586
2,BB,184,-0.5110588410797587
2,BB,185,-0.5100588410797586
2,BB,186,-0.5090588410797587
2,BB,187,-0.5080588410797586
2,BB,188,-0.5070588410797587
2,BB,189,-0.5060588410797586
2,BB,190,-0.5050588410797587
2,BB,191,-0.5040588410797586
2,BB,192,-0.5030588410797587
2,BB,193,-0.5020588410797586
2,BB,194,-0.5010588410797587
2,BB,195,-0.5000588410797586
2,BB,196,-0.4990588410797587
2,BB,197,-0.4980588410797587
2,BB,198,-0.4970588410797587
2,BB,199,-0.49605884107975867
2,BB,200,-0.49505884107975867
3,HBP,1,-3.46350798595944
3,HBP,2,-3.4607621711972993
3,HBP,3,-3.4580163564351585
3,HBP,4,-3.4552705416730176
3,HBP,5,-3.4525247269108768
3,HBP,6,-3.449778912148736
3,HBP,7,-3.4470330973865946
3,HBP,8,-3.4442872826244537
3,HBP,9,-3.441541467862313
3,HBP,10,-3.438795653100172
3,HBP,11,-3.436049838338031
3,HBP,12,-3.4333040235758903
3,HBP,13,-3.4305582088137494
3,HBP,14,-3.4278123940516085
3,HBP,15,-3.4250665792894677
3,HBP,16,-3.422320764527327
3,HBP,17,-3.419574949765186
3,HBP,18,-3.416829135003045
3,HBP,19,-3.414083320240904
3,HBP,20,-3.4113375054787634
3,HBP,21,-3.408591690716622
3,HBP,22,-3.405845875954481
3,HBP,23,-3.4031000611923403
3,HBP,24,-3.4003542464301995
3,HBP,25,-3.3976084316680586
3,HBP,26,-3.3948626169059177
3,HBP,27,-3.392116802143777
3,HBP,28,-3.389370987381636
3,HBP,29,-3.386625172619495
3,HBP,30,-3.3838793578573543
3,HBP,31,-3.3811335430952134
3,HBP,32,-3.3783877283330725
3,HBP,33,-3.3756419135709317
3,HBP,34,-3.372896098808791
3,HBP,35,-3.3701502840466495
3,HBP,36,-3.3674044692845087
3,HBP,37,-3.364658654522368
3,HBP,38,-3.361912839760227
3,HBP,39,-3.359167024998086
3,HBP,40,-3.356421210235945
3,HBP,41,-3.3536753954738043
3,HBP,42,-3.3509295807116635
3,HBP,43,-3.3481837659495226
3,HBP,44,-3.3454379511873817
3,HBP,45,-3.342692136425241
3,HBP,46,-3.3399463216631
3,HBP,47,-3.337200506900959
3,HBP,48,-3.3344546921388183
3,HBP,49,-3.331708877376677
3,HBP,50,-3.328963062614536
3,HBP,51,-3.3262172478523953
3,HBP,52,-3.3234714330902544
3,HBP,53,-3.3207256183281135
3,HBP,54,-3.3179798035659727
3,HBP,55,-3.315233988803832
3,HBP,56,-3.312488174041691
3,HBP,57,-3.30974235927955
3,HBP,58,-3.306996544517409
3,HBP,59,-3.3042507297552683
3,HBP,60,-3.3015049149931275
3,HBP,61,-3.2987591002309866
3,HBP,62,-3.2960132854688453
3,HBP,63,-3.2932674707067044
3,HBP,64,-3.2905216559445636
3,HBP,65,-3.2877758411824227
3,HBP,66,-3.285030026420282
3,HBP,67,-3.282284211658141
3,HBP,68,-3.279538396896
3,HBP,69,-3.2767925821338593
3,HBP,70,-3.2740467673717184
3,HBP,71,-3.2713009526095775
3,HBP,72,-3.2685551378474367
3,HBP,73,-3.265809323085296
3,HBP,74,-3.263063508323155
3,HBP,75,-3.260317693561014
3,HBP,76,-3.2575718787988732
3,HBP,77,-3.254826064036732
3,HBP,78,-3.252080249274591
3,HBP,79,-3.24933443451245
3,HBP,80,-3.2465886197503093
3,HBP,81,-3.2438428049881685
3,HBP,82,-3.2410969902260276
3,HBP,83,-3.2383511754638867
3,HBP,84,-3.235605360701746
3,HBP,85,-3.232859545939605
3,HBP,86,-3.230113731177464
3,HBP,87,-3.2273679164153233
3,HBP,88,-3.2246221016531824
3,HBP,89,-3.2218762868910416
3,HBP,90,-3.2191304721289002
3,HBP,91,-3.2163846573667594
3,HBP,92,-3.2136388426046185
3,HBP,93,-3.2108930278424777
3,HBP,94,-3.208147213080337
3,HBP,95,-3.205401398318196
3,HBP,96,-3.202655583556055
3,HBP,97,-3.199909768793914
3,HBP,98,-3.1971639540317733
3,HBP,99,-3.1944181392696325
3,HBP,100,-3.1916723245074916
3,HBP,101,-3.1889265097453507
3,HBP,102,-3.18618069498321
3,HBP,103,-3.1834348802210686
3,HBP,104,-3.180689065458928
3,HBP,105,-3.177943250696787
3,HBP,106,-3.175197435934646
3,HBP,107,-3.172451621172505
3,HBP,108,-3.1697058064103643
3,HBP,109,-3.1669599916482234
3,HBP,110,-3.1642141768860825
3,HBP,111,-3.1614683621239417
3,HBP,112,-3.158722547361801
3,HBP,113,-3.15597673259966
3,HBP,114,-3.153230917837519
3,HBP,115,-3.150485103075378
3,HBP,116,-3.1477392883132373
3,HBP,117,-3.1449934735510965
3,HBP,118,-3.142247658788955
3,HBP,119,-3.1395018440268143
3,HBP,120,-3.1367560292646735
3,HBP,121,-3.1340102145025326
3,HBP,122,-3.1312643997403917
3,HBP,123,-3.128518584978251
3,HBP,124,-3.12577277021611
3,HBP,125,-3.123026955453969
3,HBP,126,-3.1202811406918283
3,HBP,127,-3.1175353259296874
3,HBP,128,-3.1147895111675465
3,HBP,129,-3.1120436964054057
3,HBP,130,-3.109297881643265
3,HBP,131,-3.1065520668811235
3,HBP,132,-3.103806252118983
3,HBP,133,-3.101060437356842
3,HBP,134,-3.098314622594701
3,HBP,135,-3.09556880783256
3,HBP,136,-3.092822993070419
3,HBP,137,-3.0900771783082783
3,HBP,138,-3.0873313635461375
3,HBP,139,-3.0845855487839966
3,HBP,140,-3.0818397340218557
3,HBP,141,-3.079093919259715
3,HBP,142,-3.076348104497574
3,HBP,143,-3.073602289735433
3,HBP,144,-3.0708564749732923
3,HBP,145,-3.0681106602111514
3,HBP,146,-3.06536484544901
3,HBP,147,-3.0626190306868692
3,HBP,148,-3.0598732159247284
3,HBP,149,-3.0571274011625875
3,HBP,150,-3.0543815864004467
3,HBP,151,-3.051635771638306
3,HBP,152,-3.048889956876165
3,HBP,153,-3.046144142114024
3,HBP,154,-3.043398327351883
3,HBP,155,-3.0406525125897423
3,HBP,156,-3.0379066978276015
3,HBP,157,-3.0351608830654606
3,HBP,158,-3.0324150683033197
3,HBP,159,-3.0296692535411784
3,HBP,160,-3.026923438779038
3,HBP,161,-3.0241776240168967
3,HBP,162,-3.021431809254756
3,HBP,163,-3.018685994492615
3,HBP,164,-3.015940179730474
3,HBP,165,-3.0131943649683333
3,HBP,166,-3.0104485502061924
3,HBP,167,-3.0077027354440515
3,HBP,168,-3.0049569206819107
3,HBP,169,-3.00221110591977
3,HBP,170,-2.999465291157629
3,HBP,171,-2.996719476395488
3,HBP,172,-2.993973661633347
3,HBP,173,-2.9912278468712064
3,HBP,174,-2.988482032109065
3,HBP,175,-2.985736217346924
3,HBP,176,-2.9829904025847833
3,HBP,177,-2.9802445878226425
3,HBP,178,-2.9774987730605016
3,HBP,179,-2.9747529582983607
3,HBP,180,-2.97200714353622
3,HBP,181,-2.969261328774079
3,HBP,182,-2.966515514011938
3,HBP,183,-2.9637696992497973
3,HBP,184,-2.9610238844876564
3,HBP,185,-2.9582780697255155
3,HBP,186,-2.9555322549633747
3,HBP,187,-2.9527864402012334
3,HBP,188,-2.950040625439093
3,HBP,189,-2.9472948106769516
3,HBP,190,-2.944548995914811
3,HBP,191,-2.94180318115267
3,HBP,192,-2.939057366390529
3,HBP,193,-2.936311551628388
3,HBP,194,-2.9335657368662473
3,HBP,195,-2.9308199221041065
3,HBP,196,-2.9280741073419656
3,HBP,197,-2.9253282925798247
3,HBP,198,-2.922582477817684
3,HBP,199,-2.919836663055543
3,HBP,200,-2.9170908482934017
4,1B,1,-0.5899793773723077
4,1B,2,-0.5889793773723077
4,1B,3,-0.5879793773723077
4,1B,4,-0.5869793773723077
4,1B,5,-0.5859793773723077
4,1B,6,-0.5849793773723077
4,1B,7,-0.5839793773723077
4,1B,8,-0.58297937737230765
4,1B,9,-0.5819793773723076
4,1B,10,-0.5809793773723076
4,1B,11,-0.5799793773723076
4,1B,12,-0.5789793773723076
4,1B,13,-0.5779793773723076
4,1B,14,-0.5769793773723076
4,1B,15,-0.5759793773723076
4,1B,16,-0.5749793773723076
4,1B,17,-0.5739793773723076
4,1B,18,-0.5729793773723076
4,1B,19,-0.5719793773723076
4,1B,20,-0.5709793773723076
4,1B,21,-0.5699793773723076
4,1B,22,-0.5689793773723076
4,1B,23,-0.5679793773723076
4,1B,24,-0.5669793773723076
4,1B,25,-0.5659793773723076
4,1B,26,-0.5649793773723076
4,1B,27,-0.5639793773723076
4,1B,28,-0.5629793773723076
4,1B,29,-0.5619793773723076
4,1B,30,-0.5609793773723076
4,1B,31,-0.5599793773723076
4,1B,32,-0.5589793773723076
4,1B,33,-0.5579793773723076
4,1B,34,-0.5569793773723076
4,1B,35,-0.5559793773723076
4,1B,36,-0.5549793773723076
4,1B,37,-0.5539793773723076
4,1B,38,-0.5529793773723076
4,1B,39,-0.5519793773723076
4,1B,40,-0.5509793773723076
4,1B,41,-0.5499793773723076
4,1B,42,-0.5489793773723076
4,1B,43,-0.5479793773723076
4,1B,44,-0.5469793773723076
4,1B,45,-0.5459793773723076
4,1B,46,-0.5449793773723076
4,1B,47,-0.5439793773723076
4,1B,48,-0.5429793773723076
4,1B,49,-0.5419793773723076
4,1B,50,-0.5409793773723076
4,1B,51,-0.5399793773723076
4,1B,52,-0.5389793773723076
4,1B,53,-0.5379793773723076
4,1B,54,-0.5369793773723076
4,1B,55,-0.5359793773723076
4,1B,56,-0.5349793773723076
4,1B,57,-0.5339793773723076
4,1B,58,-0.5329793773723076
4,1B,59,-0.5319793773723076
4,1B,60,-0.5309793773723077
4,1B,61,-0.5299793773723076
4,1B,62,-0.5289793773723077
4,1B,63,-0.5279793773723076
4,1B,64,-0.5269793773723077
4,1B,65,-0.5259793773723076
4,1B,66,-0.5249793773723077
4,1B,67,-0.5239793773723076
4,1B,68,-0.5229793773723077
4,1B,69,-0.5219793773723076
4,1B,70,-0.5209793773723077
4,1B,71,-0.5199793773723076
4,1B,72,-0.5189793773723077
4,1B,73,-0.5179793773723077
4,1B,74,-0.5169793773723077
4,1B,75,-0.5159793773723077
4,1B,76,-0.5149793773723077
4,1B,77,-0.5139793773723077
4,1B,78,-0.5129793773723077
4,1B,79,-0.5119793773723077
4,1B,80,-0.5109793773723077
4,1B,81,-0.5099793773723077
4,1B,82,-0.5089793773723077
4,1B,83,-0.5079793773723077
4,1B,84,-0.5069793773723077
4,1B,85,-0.5059793773723077
4,1B,86,-0.5049793773723077
4,1B,87,-0.5039793773723077
4,1B,88,-0.5029793773723077
4,1B,89,-0.5019793773723077
4,1B,90,-0.5009793773723077
4,1B,91,-0.4999793773723077
4,1B,92,-0.4989793773723077
4,1B,93,-0.4979793773723077
4,1B,94,-0.4969793773723077
4,1B,95,-0.4959793773723077
4,1B,96,-0.4949793773723077
4,1B,97,-0.4939793773723077
4,1B,98,-0.4929793773723077
4,1B,99,-0.4919793773723077
4,1B,100,-0.4909793773723077
4,1B,101,-0.4899793773723077
4,1B,102,-0.4889793773723077
4,1B,103,-0.4879793773723077
4,1B,104,-0.4869793773723077
4,1B,105,-0.4859793773723077
4,1B,106,-0.4849793773723077
4,1B,107,-0.4839793773723077
4,1B,108,-0.48297937737230767
4,1B,109,-0.48197937737230767
4,1B,110,-0.48097937737230767
4,1B,111,-0.47997937737230767
4,1B,112,-0.47897937737230767
4,1B,113,-0.47797937737230767
4,1B,114,-0.47697937737230767
4,1B,115,-0.47597937737230767
4,1B,116,-0.47497937737230767
4,1B,117,-0.47397937737230766
4,1B,118,-0.47297937737230766
4,1B,119,-0.47197937737230766
4,1B,120,-0.47097937737230766
4,1B,121,-0.46997937737230766
4,1B,122,-0.46897937737230766
4,1B,123,-0.46797937737230766
4,1B,124,-0.46697937737230766
4,1B,125,-0.46597937737230766
4,1B,126,-0.46497937737230766
4,1B,127,-0.46397937737230766
4,1B,128,-0.46297937737230765
4,1B,129,-0.46197937737230765
4,1B,130,-0.46097937737230765
4,1B,131,-0.45997937737230765
4,1B,132,-0.45897937737230765
4,1B,133,-0.45797937737230765
4,1B,134,-0.45697937737230765
4,1B,135,-0.45597937737230765
4,1B,136,-0.45497937737230765
4,1B,137,-0.45397937737230765
4,1B,138,-0.45297937737230765
4,1B,139,-0.45197937737230764
4,1B,140,-0.45097937737230764
4,1B,141,-0.44997937737230764
4,1B,142,-0.44897937737230764
4,1B,143,-0.44797937737230764
4,1B,144,-0.44697937737230764
4,1B,145,-0.44597937737230764
4,1B,146,-0.44497937737230764
4,1B,147,-0.44397937737230764
4,1B,148,-0.44297937737230764
4,1B,149,-0.44197937737230764
4,1B,150,-0.44097937737230763
4,1B,151,-0.43997937737230763
4,1B,152,-0.43897937737230763
4,1B,153,-0.43797937737230763
4,1B,154,-0.43697937737230763
4,1B,155,-0.43597937737230763
4,1B,156,-0.43497937737230763
4,1B,157,-0.43397937737230763
4,1B,158,-0.43297937737230763
4,1B,159,-0.4319793773723076
4,1B,160,-0.4309793773723076
4,1B,161,-0.4299793773723076
4,1B,162,-0.4289793773723076
4,1B,163,-0.4279793773723076
4,1B,164,-0.4269793773723076
4,1B,165,-0.4259793773723076
4,1B,166,-0.4249793773723076
4,1B,167,-0.4239793773723076
4,1B,168,-0.4229793773723076
4,1B,169,-0.4219793773723076
4,1B,170,-0.4209793773723076
4,1B,171,-0.4199793773723076
4,1B,172,-0.4189793773723076
4,1B,173,-0.4179793773723076
4,1B,174,-0.4169793773723076
4,1B,175,-0.4159793773723076
4,1B,176,-0.41497937737230767
4,1B,177,-0.41397937737230767
4,1B,178,-0.41297937737230767
4,1B,179,-0.41197937737230766
4,1B,180,-0.41097937737230766
4,1B,181,-0.40997937737230766
4,1B,182,-0.40897937737230766
4,1B,183,-0.40797937737230766
4,1B,184,-0.40697937737230766
4,1B,185,-0.40597937737230766
4,1B,186,-0.40497937737230766
4,1B,187,-0.40397937737230766
4,1B,188,-0.40297937737230766
4,1B,189,-0.40197937737230766
4,1B,190,-0.40097937737230765
4,1B,191,-0.39997937737230765
4,1B,192,-0.39897937737230765
4,1B,193,-0.39797937737230765
4,1B,194,-0.39697937737230765
4,1B,195,-0.39597937737230765
4,1B,196,-0.39497937737230765
4,1B,197,-0.39397937737230765
4,1B,198,-0.39297937737230765
4,1B,199,-0.39197937737230765
4,1B,200,-0.39097937737230765
5,2B,1,-1.2483585824878976
5,2B,2,-1.2462479726967093
5,2B,3,-1.244137362905521
5,2B,4,-1.2420267531143327
5,2B,5,-1.2399161433231445
5,2B,6,-1.2378055335319562
5,2B,7,-1.235694923740768
5,2B,8,-1.2335843139495797
5,2B,9,-1.2314737041583914
5,2B,10,-1.2293630943672031
5,2B,11,-1.2272524845760149
5,2B,12,-1.2251418747848266
5,2B,13,-1.2230312649936383
5,2B,14,-1.22092065520245
5,2B,15,-1.2188100454112618
5,2B,16,-1.2166994356200735
5,2B,17,-1.2145888258288855
5,2B,18,-1.2124782160376972
5,2B,19,-1.210367606246509
5,2B,20,-1.2082569964553207
5,2B,21,-1.2061463866641324
5,2B,22,-1.2040357768729442
5,2B,23,-1.201925167081756
5,2B,24,-1.1998145572905676
5,2B,25,-1.1977039474993794
5,2B,26,-1.195593337708191
5,2B,27,-1.1934827279170028
5,2B,28,-1.1913721181258146
5,2B,29,-1.1892615083346263
5,2B,30,-1.187150898543438
5,2B,31,-1.1850402887522498
5,2B,32,-1.1829296789610615
5,2B,33,-1.1808190691698732
5,2B,34,-1.178708459378685
5,2B,35,-1.1765978495874967
5,2B,36,-1.1744872397963084
5,2B,37,-1.1723766300051202
5,2B,38,-1.170266020213932
5,2B,39,-1.1681554104227436
5,2B,40,-1.1660448006315554
5,2B,41,-1.163934190840367
5,2B,42,-1.1618235810491788
5,2B,43,-1.1597129712579906
5,2B,44,-1.1576023614668023
5,2B,45,-1.155491751675614
5,2B,46,-1.1533811418844258
5,2B,47,-1.1512705320932377
5,2B,48,-1.1491599223020494
5,2B,49,-1.1470493125108612
5,2B,50,-1.144938702719673
5,2B,51,-1.1428280929284846
5,2B,52,-1.1407174831372964
5,2B,53,-1.138606873346108
5,2B,54,-1.1364962635549198
5,2B,55,-1.1343856537637316
5,2B,56,-1.1322750439725433
5,2B,57,-1.130164434181355
5,2B,58,-1.1280538243901668
5,2B,59,-1.1259432145989785
5,2B,60,-1.1238326048077902
5,2B,61,-1.121721995016602
5,2B,62,-1.1196113852254137
5,2B,63,-1.1175007754342254
5,2B,64,-1.1153901656430372
5,2B,65,-1.113279555851849
5,2B,66,-1.1111689460606606
5,2B,67,-1.1090583362694724
5,2B,68,-1.106947726478284
5,2B,69,-1.1048371166870958
5,2B,70,-1.1027265068959076
5,2B,71,-1.1006158971047193
5,2B,72,-1.098505287313531
5,2B,73,-1.0963946775223428
5,2B,74,-1.0942840677311545
5,2B,75,-1.0921734579399662
5,2B,76,-1.090062848148778
5,2B,77,-1.0879522383575897
5,2B,78,-1.0858416285664014
5,2B,79,-1.0837310187752132
5,2B,80,-1.081620408984025
5,2B,81,-1.0795097991928366
5,2B,82,-1.0773991894016484
5,2B,83,-1.0752885796104603
5,2B,84,-1.073177969819272
5,2B,85,-1.0710673600280838
5,2B,86,-1.0689567502368955
5,2B,87,-1.0668461404457072
5,2B,88,-1.064735530654519
5,2B,89,-1.0626249208633307
5,2B,90,-1.0605143110721424
5,2B,91,-1.0584037012809542
5,2B,92,-1.056293091489766
5,2B,93,-1.0541824816985776
5,2B,94,-1.0520718719073894
5,2B,95,-1.0499612621162011
5,2B,96,-1.0478506523250128
5,2B,97,-1.0457400425338246
5,2B,98,-1.0436294327426363
5,2B,99,-1.041518822951448
5,2B,100,-1.0394082131602598
5,2B,101,-1.0372976033690715
5,2B,102,-1.0351869935778832
5,2B,103,-1.033076383786695
5,2B,104,-1.0309657739955067
5,2B,105,-1.0288551642043184
5,2B,106,-1.0267445544131302
5,2B,107,-1.024633944621942
5,2B,108,-1.0225233348307536
5,2B,109,-1.0204127250395654
5,2B,110,-1.0183021152483773
5,2B,111,-1.016191505457189
5,2B,112,-1.0140808956660008
5,2B,113,-1.0119702858748125
5,2B,114,-1.0098596760836243
5,2B,115,-1.007749066292436
5,2B,116,-1.0056384565012477
5,2B,117,-1.0035278467100595
5,2B,118,-1.0014172369188712
5,2B,119,-0.9993066271276829
5,2B,120,-0.9971960173364947
5,2B,121,-0.9950854075453064
5,2B,122,-0.9929747977541181
5,2B,123,-0.9908641879629299
5,2B,124,-0.9887535781717416
5,2B,125,-0.9866429683805533
5,2B,126,-0.984532358589365
5,2B,127,-0.9824217487981768
5,2B,128,-0.9803111390069885
5,2B,129,-0.9782005292158003
5,2B,130,-0.976089919424612
5,2B,131,-0.9739793096334237
5,2B,132,-0.9718686998422355
5,2B,133,-0.9697580900510472
5,2B,134,-0.9676474802598589
5,2B,135,-0.9655368704686706
5,2B,136,-0.9634262606774824
5,2B,137,-0.9613156508862941
5,2B,138,-0.9592050410951058
5,2B,139,-0.9570944313039176
5,2B,140,-0.9549838215127294
5,2B,141,-0.9528732117215412
5,2B,142,-0.9507626019303529
5,2B,143,-0.9486519921391646
5,2B,144,-0.9465413823479764
5,2B,145,-0.9444307725567881
5,2B,146,-0.9423201627655998
5,2B,147,-0.9402095529744116
5,2B,148,-0.9380989431832233
5,2B,149,-0.9359883333920351
5,2B,150,-0.9338777236008469
5,2B,151,-0.9317671138096586
5,2B,152,-0.9296565040184703
5,2B,153,-0.9275458942272821
5,2B,154,-0.9254352844360938
5,2B,155,-0.9233246746449055
5,2B,156,-0.9212140648537173
5,2B,157,-0.919103455062529
5,2B,158,-0.9169928452713407
5,2B,159,-0.9148822354801525
5,2B,160,-0.9127716256889642
5,2B,161,-0.9106610158977759
5,2B,162,-0.9085504061065877
5,2B,163,-0.9064397963153994
5,2B,164,-0.9043291865242111
5,2B,165,-0.9022185767330229
5,2B,166,-0.9001079669418346
5,2B,167,-0.8979973571506463
5,2B,168,-0.8958867473594581
5,2B,169,-0.8937761375682698
5,2B,170,-0.8916655277770815
5,2B,171,-0.8895549179858933
5,2B,172,-0.8874443081947051
5,2B,173,-0.8853336984035168
5,2B,174,-0.8832230886123286
5,2B,175,-0.8811124788211403
5,2B,176,-0.879001869029952
5,2B,177,-0.8768912592387638
5,2B,178,-0.8747806494475755
5,2B,179,-0.8726700396563872
5,2B,180,-0.870559429865199
5,2B,181,-0.8684488200740108
5,2B,182,-0.8663382102828225
5,2B,183,-0.8642276004916343
5,2B,184,-0.862116990700446
5,2B,185,-0.8600063809092577
5,2B,186,-0.8578957711180695
5,2B,187,-0.8557851613268812
5,2B,188,-0.8536745515356929
5,2B,189,-0.8515639417445047
5,2B,190,-0.8494533319533164
5,2B,191,-0.8473427221621281
5,2B,192,-0.8452321123709399
5,2B,193,-0.8431215025797516
5,2B,194,-0.8410108927885633
5,2B,195,-0.8389002829973751
5,2B,196,-0.8367896732061868
5,2B,197,-0.8346790634149985
5,2B,198,-0.8325684536238103
5,2B,199,-0.830457843832622
5,2B,200,-0.8283472340414337
6,3B,1,-3.4368320271728914
6,3B,2,-3.4331024292824983
6,3B,3,-3.4293728313921057
6,3B,4,-3.425643233501713
6,3B,5,-3.4219136356113204
6,3B,6,-3.4181840377209274
6,3B,7,-3.4144544398305348
6,3B,8,-3.410724841940142
6,3B,9,-3.4069952440497495
6,3B,10,-3.4032656461593565
6,3B,11,-3.399536048268964
6,3B,12,-3.395806450378571
6,3B,13,-3.3920768524881786
6,3B,14,-3.3883472545977855
6,3B,15,-3.384617656707393
6,3B,16,-3.3808880588170003
6,3B,17,-3.377158460926607
6,3B,18,-3.3734288630362146
6,3B,19,-3.369699265145822
6,3B,20,-3.3659696672554293
6,3B,21,-3.3622400693650363
6,3B,22,-3.3585104714746437
6,3B,23,-3.354780873584251
6,3B,24,-3.3510512756938584
6,3B,25,-3.3473216778034653
6,3B,26,-3.3435920799130727
6,3B,27,-3.33986248202268
6,3B,28,-3.3361328841322875
6,3B,29,-3.3324032862418944
6,3B,30,-3.328673688351502
6,3B,31,-3.324944090461109
6,3B,32,-3.321214492570716
6,3B,33,-3.3174848946803235
6,3B,34,-3.313755296789931
6,3B,35,-3.3100256988995382
6,3B,36,-3.306296101009145
6,3B,37,-3.3025665031187525
6,3B,38,-3.29883690522836
6,3B,39,-3.2951073073379673
6,3B,40,-3.2913777094475742
6,3B,41,-3.2876481115571816
6,3B,42,-3.283918513666789
6,3B,43,-3.2801889157763964
6,3B,44,-3.2764593178860033
6,3B,45,-3.2727297199956107
6,3B,46,-3.269000122105218
6,3B,47,-3.2652705242148254
6,3B,48,-3.2615409263244324
6,3B,49,-3.2578113284340398
6,3B,50,-3.254081730543647
6,3B,51,-3.250352132653254
6,3B,52,-3.2466225347628614
6,3B,53,-3.242892936872469
6,3B,54,-3.239163338982076
6,3B,55,-3.235433741091683
6,3B,56,-3.2317041432012905
6,3B,57,-3.227974545310898
6,3B,58,-3.2242449474205053
6,3B,59,-3.220515349530112
6,3B,60,-3.2167857516397196
6,3B,61,-3.213056153749327
6,3B,62,-3.209326555858934
6,3B,63,-3.2055969579685413
6,3B,64,-3.2018673600781486
6,3B,65,-3.198137762187756
6,3B,66,-3.194408164297363
6,3B,67,-3.1906785664069703
6,3B,68,-3.1869489685165777
6,3B,69,-3.183219370626185
6,3B,70,-3.179489772735792
6,3B,71,-3.1757601748453994
6,3B,72,-3.172030576955007
6,3B,73,-3.1683009790646137
6,3B,74,-3.164571381174221
6,3B,75,-3.1608417832838285
6,3B,76,-3.157112185393436
6,3B,77,-3.1533825875030432
6,3B,78,-3.14965298961265
6,3B,79,-3.1459233917222575
6,3B,80,-3.142193793831865
6,3B,81,-3.138464195941472
6,3B,82,-3.1347345980510792
6,3B,83,-3.1310050001606866
6,3B,84,-3.127275402270294
6,3B,85,-3.123545804379901
6,3B,86,-3.1198162064895083
6,3B,87,-3.1160866085991157
6,3B,88,-3.112357010708723
6,3B,89,-3.10862741281833
6,3B,90,-3.1048978149279374
6,3B,91,-3.1011682170375447
6,3B,92,-3.0974386191471517
6,3B,93,-3.093709021256759
6,3B,94,-3.0899794233663664
6,3B,95,-3.086249825475974
6,3B,96,-3.0825202275855808
6,3B,97,-3.078790629695188
6,3B,98,-3.0750610318047955
6,3B,99,-3.071331433914403
6,3B,100,-3.06760183602401
6,3B,101,-3.063872238133617
6,3B,102,-3.0601426402432246
6,3B,103,-3.0564130423528315
6,3B,104,-3.052683444462439
6,3B,105,-3.0489538465720463
6,3B,106,-3.0452242486816536
6,3B,107,-3.041494650791261
6,3B,108,-3.037765052900868
6,3B,109,-3.0340354550104753
6,3B,110,-3.0303058571200827
6,3B,111,-3.0265762592296896
6,3B,112,-3.022846661339297
6,3B,113,-3.0191170634489044
6,3B,114,-3.015387465558512
6,3B,115,-3.0116578676681187
6,3B,116,-3.007928269777726
6,3B,117,-3.0041986718873335
6,3B,118,-3.000469073996941
6,3B,119,-2.996739476106548
6,3B,120,-2.993009878216155
6,3B,121,-2.9892802803257625
6,3B,122,-2.9855506824353695
6,3B,123,-2.981821084544977
6,3B,124,-2.9780914866545842
6,3B,125,-2.9743618887641916
6,3B,126,-2.9706322908737985
6,3B,127,-2.966902692983406
6,3B,128,-2.9631730950930133
6,3B,129,-2.9594434972026207
6,3B,130,-2.9557138993122276
6,3B,131,-2.951984301421835
6,3B,132,-2.9482547035314424
6,3B,133,-2.9445251056410493
6,3B,134,-2.9407955077506567
6,3B,135,-2.937065909860264
6,3B,136,-2.9333363119698714
6,3B,137,-2.929606714079479
6,3B,138,-2.9258771161890857
6,3B,139,-2.922147518298693
6,3B,140,-2.9184179204083005
6,3B,141,-2.9146883225179074
6,3B,142,-2.910958724627515
6,3B,143,-2.907229126737122
6,3B,144,-2.903499528846729
6,3B,145,-2.8997699309563365
6,3B,146,-2.896040333065944
6,3B,147,-2.8923107351755513
6,3B,148,-2.8885811372851586
6,3B,149,-2.8848515393947656
6,3B,150,-2.881121941504373
6,3B,151,-2.8773923436139803
6,3B,152,-2.8736627457235873
6,3B,153,-2.8699331478331946
6,3B,154,-2.866203549942802
6,3B,155,-2.8624739520524094
6,3B,156,-2.8587443541620168
6,3B,157,-2.8550147562716237
6,3B,158,-2.851285158381231
6,3B,159,-2.8475555604908385
6,3B,160,-2.8438259626004454
6,3B,161,-2.840096364710053
6,3B,162,-2.83636676681966
6,3B,163,-2.832637168929267
6,3B,164,-2.8289075710388745
6,3B,165,-2.825177973148482
6,3B,166,-2.8214483752580892
6,3B,167,-2.8177187773676966
6,3B,168,-2.8139891794773035
6,3B,169,-2.810259581586911
6,3B,170,-2.8065299836965183
6,3B,171,-2.8028003858061252
6,3B,172,-2.7990707879157326
6,3B,173,-2.79534119002534
6,3B,174,-2.791611592134947
6,3B,175,-2.7878819942445543
6,3B,176,-2.7841523963541617
6,3B,177,-2.780422798463769
6,3B,178,-2.7766932005733764
6,3B,179,-2.7729636026829834
6,3B,180,-2.7692340047925907
6,3B,181,-2.765504406902198
6,3B,182,-2.761774809011805
6,3B,183,-2.7580452111214124
6,3B,184,-2.75431561323102
6,3B,185,-2.750586015340627
6,3B,186,-2.7468564174502346
6,3B,187,-2.7431268195598415
6,3B,188,-2.739397221669449
6,3B,189,-2.7356676237790563
6,3B,190,-2.731938025888663
6,3B,191,-2.7282084279982706
6,3B,192,-2.724478830107878
6,3B,193,-2.720749232217485
6,3B,194,-2.7170196343270923
6,3B,195,-2.7132900364366996
6,3B,196,-2.709560438546307
6,3B,197,-2.7058308406559144
6,3B,198,-2.7021012427655213
6,3B,199,-2.6983716448751287
6,3B,200,-2.694642046984736
7,HR,1,-0.7024528752411949
7,HR,2,-0.6995032495625857
7,HR,3,-0.6965536238839763
7,HR,4,-0.693603998205367
7,HR,5,-0.6906543725267577
7,HR,6,-0.6877047468481484
7,HR,7,-0.6847551211695391
7,HR,8,-0.6818054954909297
7,HR,9,-0.6788558698123204
7,HR,10,-0.6759062441337111
7,HR,11,-0.6729566184551018
7,HR,12,-0.6700069927764924
7,HR,13,-0.6670573670978831
7,HR,14,-0.6641077414192739
7,HR,15,-0.6611581157406645
7,HR,16,-0.6582084900620552
7,HR,17,-0.6552588643834458
7,HR,18,-0.6523092387048366
7,HR,19,-0.6493596130262272
7,HR,20,-0.6464099873476179
7,HR,21,-0.6434603616690086
7,HR,22,-0.6405107359903993
7,HR,23,-0.63756111031179
7,HR,24,-0.6346114846331806
7,HR,25,-0.6316618589545713
7,HR,26,-0.628712233275962
7,HR,27,-0.6257626075973527
7,HR,28,-0.6228129819187433
7,HR,29,-0.619863356240134
7,HR,30,-0.6169137305615248
7,HR,31,-0.6139641048829154
7,HR,32,-0.6110144792043061
7,HR,33,-0.6080648535256967
7,HR,34,-0.6051152278470875
7,HR,35,-0.6021656021684781
7,HR,36,-0.5992159764898688
7,HR,37,-0.5962663508112594
7,HR,38,-0.5933167251326502
7,HR,39,-0.5903670994540409
7,HR,40,-0.5874174737754315
7,HR,41,-0.5844678480968222
7,HR,42,-0.5815182224182129
7,HR,43,-0.5785685967396036
7,HR,44,-0.5756189710609942
7,HR,45,-0.572669345382385
7,HR,46,-0.5697197197037757
7,HR,47,-0.5667700940251663
7,HR,48,-0.563820468346557
7,HR,49,-0.5608708426679476
7,HR,50,-0.5579212169893384
7,HR,51,-0.554971591310729
7,HR,52,-0.5520219656321197
7,HR,53,-0.5490723399535105
7,HR,54,-0.5461227142749011
7,HR,55,-0.5431730885962918
7,HR,56,-0.5402234629176824
7,HR,57,-0.5372738372390731
7,HR,58,-0.5343242115604638
7,HR,59,-0.5313745858818545
7,HR,60,-0.5284249602032451
7,HR,61,-0.5254753345246359
7,HR,62,-0.5225257088460266
7,HR,63,-0.5195760831674172
7,HR,64,-0.5166264574888079
7,HR,65,-0.5136768318101985
7,HR,66,-0.5107272061315893
7,HR,67,-0.5077775804529799
7,HR,68,-0.5048279547743706
7,HR,69,-0.5018783290957614
7,HR,70,-0.498928703417152
7,HR,71,-0.49597907773854266
7,HR,72,-0.4930294520599333
7,HR,73,-0.490079826381324
7,HR,74,-0.48713020070271473
7,HR,75,-0.4841805750241054
7,HR,76,-0.48123094934549604
7,HR,77,-0.47828132366688675
7,HR,78,-0.47533169798827746
7,HR,79,-0.4723820723096681
7,HR,80,-0.46943244663105876
7,HR,81,-0.4664828209524495
7,HR,82,-0.4635331952738402
7,HR,83,-0.46058356959523084
7,HR,84,-0.4576339439166215
7,HR,85,-0.4546843182380122
7,HR,86,-0.4517346925594029
7,HR,87,-0.44878506688079356
7,HR,88,-0.44583544120218427
7,HR,89,-0.4428858155235749
7,HR,90,-0.43993618984496563
7,HR,91,-0.4369865641663563
7,HR,92,-0.434036938487747
7,HR,93,-0.43108731280913765
7,HR,94,-0.42813768713052835
7,HR,95,-0.425188061451919
7,HR,96,-0.4222384357733097
7,HR,97,-0.41928881009470037
7,HR,98,-0.4163391844160911
7,HR,99,-0.41338955873748173
7,HR,100,-0.41043993305887244
7,HR,101,-0.4074903073802631
7,HR,102,-0.4045406817016538
7,HR,103,-0.40159105602304446
7,HR,104,-0.39864143034443517
7,HR,105,-0.3956918046658258
7,HR,106,-0.39274217898721653
7,HR,107,-0.3897925533086072
7,HR,108,-0.3868429276299979
7,HR,109,-0.38389330195138854
7,HR,110,-0.38094367627277925
7,HR,111,-0.3779940505941699
7,HR,112,-0.3750444249155606
7,HR,113,-0.37209479923695127
7,HR,114,-0.369145173558342
7,HR,115,-0.36619554787973263
7,HR,116,-0.36324592220112334
7,HR,117,-0.360296296522514
7,HR,118,-0.3573466708439047
7,HR,119,-0.35439704516529535
7,HR,120,-0.35144741948668606
7,HR,121,-0.3484977938080767
7,HR,122,-0.3455481681294674
7,HR,123,-0.3425985424508581
7,HR,124,-0.3396489167722488
7,HR,125,-0.33669929109363944
7,HR,126,-0.33374966541503015
7,HR,127,-0.3308000397364208
7,HR,128,-0.3278504140578115
7,HR,129,-0.3249007883792022
7,HR,130,-0.3219511627005929
7,HR,131,-0.3190015370219836
7,HR,132,-0.31605191134337424
7,HR,133,-0.31310228566476495
7,HR,134,-0.3101526599861556
7,HR,135,-0.3072030343075463
7,HR,136,-0.30425340862893696
7,HR,137,-0.30130378295032767
7,HR,138,-0.2983541572717183
7,HR,139,-0.29540453159310903
7,HR,140,-0.2924549059144997
7,HR,141,-0.2895052802358904
7,HR,142,-0.28655565455728105
7,HR,143,-0.28360602887867176
7,HR,144,-0.2806564032000624
7,HR,145,-0.2777067775214531
7,HR,146,-0.27475715184284377
7,HR,147,-0.2718075261642345
7,HR,148,-0.26885790048562513
7,HR,149,-0.26590827480701584
7,HR,150,-0.2629586491284065
7,HR,151,-0.2600090234497972
7,HR,152,-0.25705939777118786
7,HR,153,-0.25410977209257857
7,HR,154,-0.2511601464139692
7,HR,155,-0.24821052073535993
7,HR,156,-0.24526089505675058
7,HR,157,-0.2423112693781413
7,HR,158,-0.23936164369953195
7,HR,159,-0.23641201802092265
7,HR,160,-0.2334623923423133
7,HR,161,-0.23051276666370402
7,HR,162,-0.22756314098509467
7,HR,163,-0.22461351530648538
7,HR,164,-0.22166388962787603
7,HR,165,-0.21871426394926674
7,HR,166,-0.2157646382706574
7,HR,167,-0.2128150125920481
7,HR,168,-0.20986538691343876
7,HR,169,-0.20691576123482947
7,HR,170,-0.20396613555622012
7,HR,171,-0.20101650987761077
7,HR,172,-0.19806688419900154
7,HR,173,-0.1951172585203922
7,HR,174,-0.19216763284178284
7,HR,175,-0.1892180071631735
7,HR,176,-0.18626838148456426
7,HR,177,-0.18331875580595491
7,HR,178,-0.18036913012734557
7,HR,179,-0.17741950444873622
7,HR,180,-0.17446987877012698
7,HR,181,-0.17152025309151764
7,HR,182,-0.1685706274129083
7,HR,183,-0.16562100173429894
7,HR,184,-0.1626713760556897
7,HR,185,-0.15972175037708036
7,HR,186,-0.15677212469847102
7,HR,187,-0.15382249901986167
7,HR,188,-0.15087287334125243
7,HR,189,-0.1479232476626431
7,HR,190,-0.14497362198403374
7,HR,191,-0.1420239963054244
7,HR,192,-0.13907437062681516
7,HR,193,-0.1361247449482058
7,HR,194,-0.13317511926959646
7,HR,195,-0.13022549359098723
7,HR,196,-0.12727586791237788
7,HR,197,-0.12432624223376854
7,HR,198,-0.12137661655515919
7,HR,199,-0.11842699087654995
7,HR,200,-0.1154773651979406
